MT_Central_Dogma,OXPHOS,Complex_I_V,Complex_I,Complex_II,Complex_III,Complex_IV,Complex_V,MT_Ribosome,MT_Biogenesis,MT_Protein_Import,MT_CoQ_Synthesis
-0.4444444444444444,0.2222222222222222,-0.014393008333333382,0.03003315522222221,-0.36524228211111115,-0.39280825055555557,-0.3073135745555555,-0.31265655566666667,-0.305314423,0.014368207444444447,-0.41527226066666667,-0.5667491857777778
-0.3888888888888889,-0.3888888888888889,-0.38800323361111105,-0.49122411766666674,-0.010692957611111109,-0.2100821847222222,-0.03338396361111111,-0.1317101257777778,-0.35272831955555556,-0.0961682886111111,-0.6265553167777778,0.08552876666666666
-1.1366587353636364,-0.45454545454545453,-0.45428789190909086,-0.2958073933636363,-0.16528991772727272,-0.33361620745454545,-0.15023248954545454,-0.496230188090909,-0.6854942989090909,-0.30352291545454546,-0.6075350236363636,0.12444997354545455
