MT_Central_Dogma,OXPHOS,Complex_I_V,Complex_I,Complex_II,Complex_III,Complex_IV,Complex_V,MT_Ribosome,MT_Biogenesis,MT_Protein_Import,MT_CoQ_Synthesis
-0.8666666666666667,-0.5333333333333333,-0.6409047756666667,-0.4341587278,-0.433073436,-0.46019760953333333,-0.6410941445333334,-0.6383862528,-0.5995947758,-0.18001805473333335,-0.8363927832666668,-0.4640379266
-0.23076923076923078,-0.38461538461538464,-0.46272479157692303,-0.46638945907692314,0.054569202692307694,-0.27200265669230766,-0.1745336503076923,-0.22370518046153848,-0.37124060969230765,0.0029767009230769258,-0.4820424230769231,0.0671078033076923
-0.8655094649615385,-0.38461538461538464,-0.4166476682692308,-0.2618917243461538,-0.19898412573076923,-0.22835006992307694,-0.2362353278076923,-0.3465768536538461,-0.5459950231153846,-0.18895331438461538,-0.4465934711538461,0.11793076903846153
