processes,All_Data_Mean,All_Data_SEM,In-Flight_Mean,In-Flight_SEM,Post_Flight_Mean,Post_Flight_SEM
Mitochondria,-0.6511627906976745,0.11402659336698016,-0.47619047619047616,0.17809793703134358,-0.8181818181818182,0.14349327082527932
Central Metabolism,0.3896930212307692,0.11246956095728337,0.41640777469230766,0.1601526326973849,0.3629782677692308,0.15868366154269628
Immunity,0.2611461745777778,0.10029274785052633,0.3958035827727272,0.14490773171569238,0.13234343630434778,0.1386160909847112
